{
  "project_info": {
    "project_number": "9198955240",
    "firebase_url": "https://rpsgame-c39dc.firebaseio.com",
    "project_id": "rpsgame-c39dc",
    "storage_bucket": "rpsgame-c39dc.appspot.com"
  },
  "client": [
    {
      "client_info": {
        "mobilesdk_app_id": "1:9198955240:android:5a27ee9f858a563b",
        "android_client_info": {
          "package_name": "com.example.macstudent.rpsgame"
        }
      },
      "oauth_client": [
        {
          "client_id": "9198955240-ico1k5b2j5f71d5qbm9lo4dekioksag6.apps.googleusercontent.com",
          "client_type": 3
        }
      ],
      "api_key": [
        {
          "current_key": "AIzaSyB-gSbVkt9-7uswQsaIxKy9YMiNrupmeQo"
        }
      ],
      "services": {
        "analytics_service": {
          "status": 1
        },
        "appinvite_service": {
          "status": 1,
          "other_platform_oauth_client": []
        },
        "ads_service": {
          "status": 2
        }
      }
    }
  ],
  "configuration_version": "1"
}